{
    "class_name": "PinholeCameraParameters",
    "extrinsic": [
        1.0,
        -0.0,
        -0.0,
        0.0,
        0.0,
        -1.0,
        -0.0,
        0.0,
        0.0,
        -0.0,
        -1.0,
        0.0,
        0.0,
        0.0,
        76.969978188575652,
        1.0
    ],
    "intrinsic": {
        "height": 1024,
        "intrinsic_matrix": [
            886.81001347526524,
            0.0,
            0.0,
            0.0,
            886.81001347526524,
            0.0,
            511.5,
            511.5,
            1.0
        ],
        "width": 1024
    },
    "version_major": 1,
    "version_minor": 0
}